CS100,Fall
CS101,Spring,Fall,Summer
CS102,Spring,Fall
CS105,Summer,Spring,Fall
CS107,Spring,Fall
CS124
CS125,Summer,Spring,Fall
CS126,Spring,Fall
CS128
CS173,Summer,Spring,Fall
CS196,Spring,Fall,Summer
CS199,Summer,Spring,Fall,Winter
CS210,Spring,Fall
CS211
CS222
CS225,Spring,Fall,Summer
CS233,Spring,Fall,Summer
CS240,Spring,Fall
CS241,Spring,Fall,Summer
CS242,Spring,Fall
CS265,Fall
CS277
CS296,Spring,Fall,Summer
CS307
CS357,Spring,Fall,Summer
CS361,Spring,Fall
CS374,Spring,Fall
CS397,Summer,Spring,Fall
CS398,Spring,Fall
CS407
CS410,Fall,Spring,Summer
CS411,Summer,Spring,Fall
CS412,Spring,Fall,Summer
CS413,Spring,Fall
CS414,Spring
CS416
CS417
CS418,Spring,Fall
CS419,Spring,Fall
CS420,Fall,Spring
CS421,Summer,Spring,Fall
CS422,Spring,Fall
CS423,Spring,Fall
CS424,Fall,Spring
CS425,Spring,Fall,Summer
CS426,Fall,Spring
CS427,Fall
CS428,Spring
CS429,Spring
CS431,Spring,Fall
CS433,Spring,Fall
CS434,Spring
CS435
CS436,Fall,Spring
CS438,Fall,Spring,Summer
CS439,Spring,Fall
CS440,Spring,Fall
CS441
CS445,Spring,Fall
CS446,Spring,Fall
CS447,Spring,Fall
CS448
CS450,Spring,Fall,Summer
CS457,Spring
CS460,Spring
CS461,Spring,Fall,Summer
CS463,Spring,Fall
CS464
CS465,Spring,Fall,Summer
CS466,Spring,Fall
CS467,Spring,Fall
CS468,Spring,Fall
CS473,Spring,Fall
CS474
CS475,Fall,Spring
CS476,Spring,Fall
CS477,Spring,Fall
CS481,Fall
CS482,Spring
CS483,Spring,Fall
CS484,Spring,Fall
CS491,Spring,Fall
CS492,Fall,Spring
CS493,Spring,Fall
CS494,Spring,Fall
CS497,Spring,Fall
CS498,Summer,Spring,Fall
CS499,Summer,Spring,Fall
CS500
CS508,Spring
CS510,Spring,Fall
CS511,Spring,Fall
CS512,Spring
CS513,Summer,Fall,Spring
CS514
CS519,Fall,Spring
CS521
CS522,Fall,Spring
CS523,Fall,Spring
CS524,Fall,Spring
CS525,Spring
CS526,Spring,Fall
CS527,Fall,Spring
CS528,Summer,Spring
CS533,Spring
CS536,Fall,Spring
CS538,Spring,Fall
CS539
CS540
CS541,Fall
CS542
CS543,Spring,Fall
CS544,Spring,Fall
CS545,Fall
CS546,Spring
CS547,Spring,Fall
CS548,Fall,Spring
CS549,Fall,Spring
CS554,Fall,Spring
CS555,Spring
CS556,Fall,Spring
CS558,Fall
CS562
CS563,Spring,Fall
CS565,Spring,Fall
CS571,Fall
CS572,Fall,Spring
CS573,Fall,Spring
CS574,Spring,Fall
CS575,Spring,Fall
CS576,Fall,Spring
CS579,Spring,Fall
CS580
CS581,Fall,Spring
CS582
CS583,Spring,Fall
CS584,Fall,Spring
CS585
CS586,Spring
CS588
CS591,Spring,Fall,Summer
CS597,Fall,Summer,Spring
CS598,Summer,Spring,Fall
CS599,Spring,Fall,Summer
